-- phpMyAdmin SQL Dump
-- version 5.0.2
-- https://www.phpmyadmin.net/
--
-- Host: 127.0.0.1
-- Generation Time: Jul 20, 2021 at 12:10 AM
-- Server version: 10.4.13-MariaDB
-- PHP Version: 7.4.7

SET SQL_MODE = "NO_AUTO_VALUE_ON_ZERO";
START TRANSACTION;
SET time_zone = "+00:00";


/*!40101 SET @OLD_CHARACTER_SET_CLIENT=@@CHARACTER_SET_CLIENT */;
/*!40101 SET @OLD_CHARACTER_SET_RESULTS=@@CHARACTER_SET_RESULTS */;
/*!40101 SET @OLD_COLLATION_CONNECTION=@@COLLATION_CONNECTION */;
/*!40101 SET NAMES utf8mb4 */;

--
-- Database: `ems`
--

-- --------------------------------------------------------

--
-- Table structure for table `alogin`
--

CREATE TABLE `alogin` (
  `id` int(11) NOT NULL,
  `email` tinytext NOT NULL,
  `password` longtext NOT NULL
) ENGINE=InnoDB DEFAULT CHARSET=latin1;

--
-- Dumping data for table `alogin`
--

INSERT INTO `alogin` (`id`, `email`, `password`) VALUES
(1, 'admin@gmail.com', 'admin');

-- --------------------------------------------------------

--
-- Table structure for table `employee`
--

CREATE TABLE `employee` (
  `id` int(11) NOT NULL,
  `firstName` varchar(100) NOT NULL,
  `lastName` varchar(100) NOT NULL,
  `email` varchar(100) NOT NULL,
  `password` text NOT NULL,
  `birthday` date NOT NULL,
  `gender` varchar(10) NOT NULL,
  `contact` varchar(20) NOT NULL,
  `nid` int(20) NOT NULL,
  `address` varchar(100) DEFAULT NULL,
  `dept` varchar(100) NOT NULL,
  `degree` varchar(100) NOT NULL,
  `pic` text NOT NULL
) ENGINE=InnoDB DEFAULT CHARSET=latin1;

--
-- Dumping data for table `employee`
--

INSERT INTO `employee` (`id`, `firstName`, `lastName`, `email`, `password`, `birthday`, `gender`, `contact`, `nid`, `address`, `dept`, `degree`, `pic`) VALUES
(6, 'test', 'test', 'test@gmail.com', '1234', '1999-08-06', 'Male', '09998383737', 4, 'test', 'test', 'test', 'images/d.jpg'),
(7, 'Budz', 'Fabe', 'budzfabe@gmail.com', '1234', '1999-11-14', 'Male', '09283567482', 0, 'Paris', 'Marketing', 'Marketing Manager', 'images/no.jpg'),
(8, 'Chen', 'Moncay', 'chenmoncay@gmail.com', '1234', '2021-07-06', 'Female', '09265738492', 1, 'CDO', 'Chairperson', 'CEO', 'images/no.jpg'),
(9, 'Paul', 'Torres', 'paultorres@gmail.com', '1234', '2021-07-01', 'Male', '09274754785', 2, 'CDO', 'Chairperson', 'CEO', 'images/no.jpg');

-- --------------------------------------------------------

--
-- Table structure for table `employee_leave`
--

CREATE TABLE `employee_leave` (
  `id` int(11) DEFAULT NULL,
  `token` int(11) NOT NULL,
  `start` date DEFAULT NULL,
  `end` date DEFAULT NULL,
  `reason` char(100) DEFAULT NULL,
  `status` char(50) DEFAULT NULL
) ENGINE=InnoDB DEFAULT CHARSET=latin1;

--
-- Dumping data for table `employee_leave`
--

INSERT INTO `employee_leave` (`id`, `token`, `start`, `end`, `reason`, `status`) VALUES
(6, 4, '0000-00-00', '0000-00-00', '', 'Cancelled'),
(6, 5, '0000-00-00', '0000-00-00', '', 'Cancelled'),
(6, 6, '0000-00-00', '0000-00-00', '', 'Cancelled');

-- --------------------------------------------------------

--
-- Table structure for table `project`
--

CREATE TABLE `project` (
  `pid` int(11) NOT NULL,
  `eid` int(11) DEFAULT NULL,
  `pname` varchar(100) DEFAULT NULL,
  `duedate` date DEFAULT NULL,
  `subdate` date DEFAULT '0000-00-00',
  `mark` int(11) NOT NULL,
  `status` varchar(50) DEFAULT NULL
) ENGINE=InnoDB DEFAULT CHARSET=latin1;

--
-- Dumping data for table `project`
--

INSERT INTO `project` (`pid`, `eid`, `pname`, `duedate`, `subdate`, `mark`, `status`) VALUES
(9, 6, 'For orientation', '2021-07-20', '2021-07-18', 0, 'Submitted'),
(10, 8, 'Organization Overhaul', '2021-07-29', '0000-00-00', 0, 'Due'),
(11, 9, 'Employee Webinar', '2021-07-26', '0000-00-00', 0, 'Due');

-- --------------------------------------------------------

--
-- Table structure for table `rank`
--

CREATE TABLE `rank` (
  `eid` int(11) NOT NULL,
  `points` int(11) DEFAULT 0
) ENGINE=InnoDB DEFAULT CHARSET=latin1;

--
-- Dumping data for table `rank`
--

INSERT INTO `rank` (`eid`, `points`) VALUES
(6, 0),
(7, 0),
(8, 0),
(9, 0);

-- --------------------------------------------------------

--
-- Table structure for table `salary`
--

CREATE TABLE `salary` (
  `id` int(11) NOT NULL,
  `base` int(11) NOT NULL,
  `bonus` int(11) DEFAULT NULL,
  `total` int(11) DEFAULT NULL
) ENGINE=InnoDB DEFAULT CHARSET=latin1;

--
-- Dumping data for table `salary`
--

INSERT INTO `salary` (`id`, `base`, `bonus`, `total`) VALUES
(6, 1000, 0, 1000),
(7, 0, 0, 0),
(8, 0, 0, 0),
(9, 0, 0, 0);

--
-- Indexes for dumped tables
--

--
-- Indexes for table `alogin`
--
ALTER TABLE `alogin`
  ADD PRIMARY KEY (`id`);

--
-- Indexes for table `employee`
--
ALTER TABLE `employee`
  ADD PRIMARY KEY (`id`),
  ADD UNIQUE KEY `email` (`email`);

--
-- Indexes for table `employee_leave`
--
ALTER TABLE `employee_leave`
  ADD PRIMARY KEY (`token`),
  ADD KEY `employee_leave_ibfk_1` (`id`);

--
-- Indexes for table `project`
--
ALTER TABLE `project`
  ADD PRIMARY KEY (`pid`),
  ADD KEY `project_ibfk_1` (`eid`);

--
-- Indexes for table `rank`
--
ALTER TABLE `rank`
  ADD PRIMARY KEY (`eid`);

--
-- Indexes for table `salary`
--
ALTER TABLE `salary`
  ADD PRIMARY KEY (`id`);

--
-- AUTO_INCREMENT for dumped tables
--

--
-- AUTO_INCREMENT for table `alogin`
--
ALTER TABLE `alogin`
  MODIFY `id` int(11) NOT NULL AUTO_INCREMENT, AUTO_INCREMENT=2;

--
-- AUTO_INCREMENT for table `employee`
--
ALTER TABLE `employee`
  MODIFY `id` int(11) NOT NULL AUTO_INCREMENT, AUTO_INCREMENT=10;

--
-- AUTO_INCREMENT for table `employee_leave`
--
ALTER TABLE `employee_leave`
  MODIFY `token` int(11) NOT NULL AUTO_INCREMENT, AUTO_INCREMENT=7;

--
-- AUTO_INCREMENT for table `project`
--
ALTER TABLE `project`
  MODIFY `pid` int(11) NOT NULL AUTO_INCREMENT, AUTO_INCREMENT=12;

--
-- Constraints for dumped tables
--

--
-- Constraints for table `employee_leave`
--
ALTER TABLE `employee_leave`
  ADD CONSTRAINT `employee_leave_ibfk_1` FOREIGN KEY (`id`) REFERENCES `employee` (`id`) ON DELETE CASCADE ON UPDATE CASCADE;

--
-- Constraints for table `project`
--
ALTER TABLE `project`
  ADD CONSTRAINT `project_ibfk_1` FOREIGN KEY (`eid`) REFERENCES `employee` (`id`) ON DELETE CASCADE ON UPDATE CASCADE;

--
-- Constraints for table `rank`
--
ALTER TABLE `rank`
  ADD CONSTRAINT `rank_ibfk_1` FOREIGN KEY (`eid`) REFERENCES `employee` (`id`) ON DELETE CASCADE ON UPDATE CASCADE;

--
-- Constraints for table `salary`
--
ALTER TABLE `salary`
  ADD CONSTRAINT `salary_ibfk_1` FOREIGN KEY (`id`) REFERENCES `employee` (`id`) ON DELETE CASCADE ON UPDATE CASCADE;
COMMIT;

/*!40101 SET CHARACTER_SET_CLIENT=@OLD_CHARACTER_SET_CLIENT */;
/*!40101 SET CHARACTER_SET_RESULTS=@OLD_CHARACTER_SET_RESULTS */;
/*!40101 SET COLLATION_CONNECTION=@OLD_COLLATION_CONNECTION */;
